n,tempo_ms,desvio
10000,96.270558,2.827821
20000,380.868958,3.168480
30000,857.218312,5.191739
40000,1525.056314,10.092508
50000,2379.595520,10.562122
60000,3441.896874,62.215922
70000,4874.604744,230.925951
80000,6703.085512,186.436278
90000,7976.785346,363.159739
100000,9844.798648,403.231203
