n,tempo_ms,desvio
10000,4691.721628,656.207524
20000,17453.791800,1532.793036
30000,38403.044512,2387.668908
40000,67679.570032,5363.316632
50000,104510.806780,5824.455472
60000,159232.595778,21662.856338
70000,215941.949194,8838.957756
80000,282658.114162,11839.883065
90000,368587.543186,33824.739688
100000,456071.633854,43495.107893
