n,tempo_ms,desvio
10000,2391.723796,513.099269
20000,6852.216212,473.543682
30000,17393.252460,1266.861227
40000,30845.273586,2197.766480
50000,47161.482274,1619.565140
60000,76459.105872,773.926485
70000,103717.485828,585.943401
80000,122627.710226,559.615943
90000,155944.595162,692.470487
100000,216380.611616,2305.140028
