n,tempo_ms,desvio
10000,275.162994,60.457292
