n,tempo_ms,desvio
10000,16849.540100,322.825702
