n,tempo_ms,desvio
10000,100.020868,8.186445
20000,392.152256,9.918020
30000,874.782622,23.599926
40000,1540.187196,33.699012
50000,2392.540656,18.266085
60000,3579.726076,476.864756
70000,5803.519508,1456.389454
80000,6357.619768,646.325553
90000,7891.799998,567.387250
100000,9671.291766,637.790830
