n,tempo_ms,desvio
10000,65.657756,38.194745
20000,182.911810,41.897700
30000,470.103078,223.032994
40000,756.631820,160.993729
50000,1083.815272,98.733509
60000,1710.701976,246.790906
70000,2256.577080,203.763223
80000,2895.221240,346.370730
90000,3578.710860,158.504170
100000,4603.260146,403.063613
