n,tempo_ms,desvio
10000,23.484926,1.099539
20000,93.143686,1.513262
30000,211.259740,2.497311
40000,376.729864,4.687488
50000,587.665930,7.706404
60000,848.264782,9.740544
70000,1152.618866,13.102375
80000,1519.941306,36.468799
90000,1908.747870,19.563152
100000,2353.086878,25.394305
